Model,MAPE,MAE
RNN-LSTM Stacked 1-Step,1.205369521,0.05878497583
RNN-LSTM Stacked Multi-Step,1.233192546,0.05939116752
RNN-LSTM Stacked Multi-Output,1.205369521,0.05878497583
Naive,1.523028308,0.1235420666
Auto-ARIMA,1.523,0.1082
Gradient Boosting w/ Cond. Deseasonalize & Detrending,1.0384,0.0777
Decision Tree Max Depth:10,1.849948321,0.1106067314
"ARIMA(1,1,1)",1.3623,0.0919
ETS,0.8798,0.071